[
  {
    "canonical": "Africa/Abidjan",
    "offset_st": 0,
    "aliases": [
      "Africa/Bamako",
      "Africa/Banjul",
      "Africa/Conakry",
      "Africa/Dakar",
      "Africa/Freetown",
      "Africa/Lome",
      "Africa/Nouakchott",
      "Africa/Ouagadougou",
      "Africa/Timbuktu",
      "Atlantic/St_Helena"
    ],
    "countries": [
      {
        "code": "CI",
        "name": "Côte d'Ivoire"
      },
      {
        "code": "BF",
        "name": "Burkina Faso"
      },
      {
        "code": "GM",
        "name": "Gambia"
      },
      {
        "code": "GN",
        "name": "Guinea"
      },
      {
        "code": "ML",
        "name": "Mali"
      },
      {
        "code": "MR",
        "name": "Mauritania"
      },
      {
        "code": "SH",
        "name": "St Helena"
      },
      {
        "code": "SL",
        "name": "Sierra Leone"
      },
      {
        "code": "SN",
        "name": "Senegal"
      },
      {
        "code": "TG",
        "name": "Togo"
      }
    ]
  },
  {
    "canonical": "Africa/Accra",
    "offset_st": 0,
    "aliases": [],
    "countries": [
      {
        "code": "GH",
        "name": "Ghana"
      }
    ]
  },
  {
    "canonical": "Africa/Algiers",
    "offset_st": 3600,
    "aliases": [],
    "countries": [
      {
        "code": "DZ",
        "name": "Algeria"
      }
    ]
  },
  {
    "canonical": "Africa/Bissau",
    "offset_st": 0,
    "aliases": [],
    "countries": [
      {
        "code": "GW",
        "name": "Guinea-Bissau"
      }
    ]
  },
  {
    "canonical": "Africa/Cairo",
    "offset_st": 7200,
    "aliases": [
      "Egypt"
    ],
    "countries": [
      {
        "code": "EG",
        "name": "Egypt"
      }
    ]
  },
  {
    "canonical": "Africa/Casablanca",
    "offset_st": 3600,
    "aliases": [],
    "countries": [
      {
        "code": "MA",
        "name": "Morocco"
      }
    ]
  },
  {
    "canonical": "Africa/Ceuta",
    "offset_st": 3600,
    "aliases": [],
    "countries": [
      {
        "code": "ES",
        "name": "Spain"
      }
    ]
  },
  {
    "canonical": "Africa/El_Aaiun",
    "offset_st": 3600,
    "aliases": [],
    "countries": [
      {
        "code": "EH",
        "name": "Western Sahara"
      }
    ]
  },
  {
    "canonical": "Africa/Johannesburg",
    "offset_st": 7200,
    "aliases": [
      "Africa/Maseru",
      "Africa/Mbabane"
    ],
    "countries": [
      {
        "code": "ZA",
        "name": "South Africa"
      },
      {
        "code": "LS",
        "name": "Lesotho"
      },
      {
        "code": "SZ",
        "name": "Eswatini (Swaziland)"
      }
    ]
  },
  {
    "canonical": "Africa/Juba",
    "offset_st": 10800,
    "aliases": [],
    "countries": [
      {
        "code": "SS",
        "name": "South Sudan"
      }
    ]
  },
  {
    "canonical": "Africa/Khartoum",
    "offset_st": 7200,
    "aliases": [],
    "countries": [
      {
        "code": "SD",
        "name": "Sudan"
      }
    ]
  },
  {
    "canonical": "Africa/Lagos",
    "offset_st": 3600,
    "aliases": [
      "Africa/Bangui",
      "Africa/Brazzaville",
      "Africa/Douala",
      "Africa/Kinshasa",
      "Africa/Libreville",
      "Africa/Luanda",
      "Africa/Malabo",
      "Africa/Niamey",
      "Africa/Porto-Novo"
    ],
    "countries": [
      {
        "code": "NG",
        "name": "Nigeria"
      },
      {
        "code": "AO",
        "name": "Angola"
      },
      {
        "code": "BJ",
        "name": "Benin"
      },
      {
        "code": "CD",
        "name": "Congo (Dem. Rep.)"
      },
      {
        "code": "CF",
        "name": "Central African Rep."
      },
      {
        "code": "CG",
        "name": "Congo (Rep.)"
      },
      {
        "code": "CM",
        "name": "Cameroon"
      },
      {
        "code": "GA",
        "name": "Gabon"
      },
      {
        "code": "GQ",
        "name": "Equatorial Guinea"
      },
      {
        "code": "NE",
        "name": "Niger"
      }
    ]
  },
  {
    "canonical": "Africa/Maputo",
    "offset_st": 7200,
    "aliases": [
      "Africa/Blantyre",
      "Africa/Bujumbura",
      "Africa/Gaborone",
      "Africa/Harare",
      "Africa/Kigali",
      "Africa/Lubumbashi",
      "Africa/Lusaka"
    ],
    "countries": [
      {
        "code": "MZ",
        "name": "Mozambique"
      },
      {
        "code": "BI",
        "name": "Burundi"
      },
      {
        "code": "BW",
        "name": "Botswana"
      },
      {
        "code": "CD",
        "name": "Congo (Dem. Rep.)"
      },
      {
        "code": "MW",
        "name": "Malawi"
      },
      {
        "code": "RW",
        "name": "Rwanda"
      },
      {
        "code": "ZM",
        "name": "Zambia"
      },
      {
        "code": "ZW",
        "name": "Zimbabwe"
      }
    ]
  },
  {
    "canonical": "Africa/Monrovia",
    "offset_st": 0,
    "aliases": [],
    "countries": [
      {
        "code": "LR",
        "name": "Liberia"
      }
    ]
  },
  {
    "canonical": "Africa/Nairobi",
    "offset_st": 10800,
    "aliases": [
      "Africa/Addis_Ababa",
      "Africa/Asmara",
      "Africa/Asmera",
      "Africa/Dar_es_Salaam",
      "Africa/Djibouti",
      "Africa/Kampala",
      "Africa/Mogadishu",
      "Indian/Antananarivo",
      "Indian/Comoro",
      "Indian/Mayotte"
    ],
    "countries": [
      {
        "code": "KE",
        "name": "Kenya"
      },
      {
        "code": "DJ",
        "name": "Djibouti"
      },
      {
        "code": "ER",
        "name": "Eritrea"
      },
      {
        "code": "ET",
        "name": "Ethiopia"
      },
      {
        "code": "KM",
        "name": "Comoros"
      },
      {
        "code": "MG",
        "name": "Madagascar"
      },
      {
        "code": "SO",
        "name": "Somalia"
      },
      {
        "code": "TZ",
        "name": "Tanzania"
      },
      {
        "code": "UG",
        "name": "Uganda"
      },
      {
        "code": "YT",
        "name": "Mayotte"
      }
    ]
  },
  {
    "canonical": "Africa/Ndjamena",
    "offset_st": 3600,
    "aliases": [],
    "countries": [
      {
        "code": "TD",
        "name": "Chad"
      }
    ]
  },
  {
    "canonical": "Africa/Sao_Tome",
    "offset_st": 0,
    "aliases": [],
    "countries": [
      {
        "code": "ST",
        "name": "Sao Tome & Principe"
      }
    ]
  },
  {
    "canonical": "Africa/Tripoli",
    "offset_st": 7200,
    "aliases": [
      "Libya"
    ],
    "countries": [
      {
        "code": "LY",
        "name": "Libya"
      }
    ]
  },
  {
    "canonical": "Africa/Tunis",
    "offset_st": 3600,
    "aliases": [],
    "countries": [
      {
        "code": "TN",
        "name": "Tunisia"
      }
    ]
  },
  {
    "canonical": "Africa/Windhoek",
    "offset_st": 7200,
    "aliases": [],
    "countries": [
      {
        "code": "NA",
        "name": "Namibia"
      }
    ]
  },
  {
    "canonical": "America/Adak",
    "offset_st": -36000,
    "aliases": [
      "America/Atka",
      "US/Aleutian"
    ],
    "countries": [
      {
        "code": "US",
        "name": "United States"
      }
    ]
  },
  {
    "canonical": "America/Anchorage",
    "offset_st": -32400,
    "aliases": [
      "US/Alaska"
    ],
    "countries": [
      {
        "code": "US",
        "name": "United States"
      }
    ]
  },
  {
    "canonical": "America/Araguaina",
    "offset_st": -10800,
    "aliases": [],
    "countries": [
      {
        "code": "BR",
        "name": "Brazil"
      }
    ]
  },
  {
    "canonical": "America/Argentina/Buenos_Aires",
    "offset_st": -10800,
    "aliases": [
      "America/Buenos_Aires"
    ],
    "countries": [
      {
        "code": "AR",
        "name": "Argentina"
      }
    ]
  },
  {
    "canonical": "America/Argentina/Catamarca",
    "offset_st": -10800,
    "aliases": [
      "America/Argentina/ComodRivadavia",
      "America/Catamarca"
    ],
    "countries": [
      {
        "code": "AR",
        "name": "Argentina"
      }
    ]
  },
  {
    "canonical": "America/Argentina/Cordoba",
    "offset_st": -10800,
    "aliases": [
      "America/Cordoba",
      "America/Rosario"
    ],
    "countries": [
      {
        "code": "AR",
        "name": "Argentina"
      }
    ]
  },
  {
    "canonical": "America/Argentina/Jujuy",
    "offset_st": -10800,
    "aliases": [
      "America/Jujuy"
    ],
    "countries": [
      {
        "code": "AR",
        "name": "Argentina"
      }
    ]
  },
  {
    "canonical": "America/Argentina/La_Rioja",
    "offset_st": -10800,
    "aliases": [],
    "countries": [
      {
        "code": "AR",
        "name": "Argentina"
      }
    ]
  },
  {
    "canonical": "America/Argentina/Mendoza",
    "offset_st": -10800,
    "aliases": [
      "America/Mendoza"
    ],
    "countries": [
      {
        "code": "AR",
        "name": "Argentina"
      }
    ]
  },
  {
    "canonical": "America/Argentina/Rio_Gallegos",
    "offset_st": -10800,
    "aliases": [],
    "countries": [
      {
        "code": "AR",
        "name": "Argentina"
      }
    ]
  },
  {
    "canonical": "America/Argentina/Salta",
    "offset_st": -10800,
    "aliases": [],
    "countries": [
      {
        "code": "AR",
        "name": "Argentina"
      }
    ]
  },
  {
    "canonical": "America/Argentina/San_Juan",
    "offset_st": -10800,
    "aliases": [],
    "countries": [
      {
        "code": "AR",
        "name": "Argentina"
      }
    ]
  },
  {
    "canonical": "America/Argentina/San_Luis",
    "offset_st": -10800,
    "aliases": [],
    "countries": [
      {
        "code": "AR",
        "name": "Argentina"
      }
    ]
  },
  {
    "canonical": "America/Argentina/Tucuman",
    "offset_st": -10800,
    "aliases": [],
    "countries": [
      {
        "code": "AR",
        "name": "Argentina"
      }
    ]
  },
  {
    "canonical": "America/Argentina/Ushuaia",
    "offset_st": -10800,
    "aliases": [],
    "countries": [
      {
        "code": "AR",
        "name": "Argentina"
      }
    ]
  },
  {
    "canonical": "America/Asuncion",
    "offset_st": -14400,
    "aliases": [],
    "countries": [
      {
        "code": "PY",
        "name": "Paraguay"
      }
    ]
  },
  {
    "canonical": "America/Atikokan",
    "offset_st": -18000,
    "aliases": [
      "America/Coral_Harbour"
    ],
    "countries": [
      {
        "code": "CA",
        "name": "Canada"
      }
    ]
  },
  {
    "canonical": "America/Bahia",
    "offset_st": -10800,
    "aliases": [],
    "countries": [
      {
        "code": "BR",
        "name": "Brazil"
      }
    ]
  },
  {
    "canonical": "America/Bahia_Banderas",
    "offset_st": -21600,
    "aliases": [],
    "countries": [
      {
        "code": "MX",
        "name": "Mexico"
      }
    ]
  },
  {
    "canonical": "America/Barbados",
    "offset_st": -14400,
    "aliases": [],
    "countries": [
      {
        "code": "BB",
        "name": "Barbados"
      }
    ]
  },
  {
    "canonical": "America/Belem",
    "offset_st": -10800,
    "aliases": [],
    "countries": [
      {
        "code": "BR",
        "name": "Brazil"
      }
    ]
  },
  {
    "canonical": "America/Belize",
    "offset_st": -21600,
    "aliases": [],
    "countries": [
      {
        "code": "BZ",
        "name": "Belize"
      }
    ]
  },
  {
    "canonical": "America/Blanc-Sablon",
    "offset_st": -14400,
    "aliases": [],
    "countries": [
      {
        "code": "CA",
        "name": "Canada"
      }
    ]
  },
  {
    "canonical": "America/Boa_Vista",
    "offset_st": -14400,
    "aliases": [],
    "countries": [
      {
        "code": "BR",
        "name": "Brazil"
      }
    ]
  },
  {
    "canonical": "America/Bogota",
    "offset_st": -18000,
    "aliases": [],
    "countries": [
      {
        "code": "CO",
        "name": "Colombia"
      }
    ]
  },
  {
    "canonical": "America/Boise",
    "offset_st": -25200,
    "aliases": [],
    "countries": [
      {
        "code": "US",
        "name": "United States"
      }
    ]
  },
  {
    "canonical": "America/Cambridge_Bay",
    "offset_st": -25200,
    "aliases": [],
    "countries": [
      {
        "code": "CA",
        "name": "Canada"
      }
    ]
  },
  {
    "canonical": "America/Campo_Grande",
    "offset_st": -14400,
    "aliases": [],
    "countries": [
      {
        "code": "BR",
        "name": "Brazil"
      }
    ]
  },
  {
    "canonical": "America/Cancun",
    "offset_st": -18000,
    "aliases": [],
    "countries": [
      {
        "code": "MX",
        "name": "Mexico"
      }
    ]
  },
  {
    "canonical": "America/Caracas",
    "offset_st": -14400,
    "aliases": [],
    "countries": [
      {
        "code": "VE",
        "name": "Venezuela"
      }
    ]
  },
  {
    "canonical": "America/Cayenne",
    "offset_st": -10800,
    "aliases": [],
    "countries": [
      {
        "code": "GF",
        "name": "French Guiana"
      }
    ]
  },
  {
    "canonical": "America/Chicago",
    "offset_st": -21600,
    "aliases": [
      "US/Central"
    ],
    "countries": [
      {
        "code": "US",
        "name": "United States"
      }
    ]
  },
  {
    "canonical": "America/Chihuahua",
    "offset_st": -25200,
    "aliases": [],
    "countries": [
      {
        "code": "MX",
        "name": "Mexico"
      }
    ]
  },
  {
    "canonical": "America/Costa_Rica",
    "offset_st": -21600,
    "aliases": [],
    "countries": [
      {
        "code": "CR",
        "name": "Costa Rica"
      }
    ]
  },
  {
    "canonical": "America/Creston",
    "offset_st": -25200,
    "aliases": [],
    "countries": [
      {
        "code": "CA",
        "name": "Canada"
      }
    ]
  },
  {
    "canonical": "America/Cuiaba",
    "offset_st": -14400,
    "aliases": [],
    "countries": [
      {
        "code": "BR",
        "name": "Brazil"
      }
    ]
  },
  {
    "canonical": "America/Curacao",
    "offset_st": -14400,
    "aliases": [
      "America/Aruba",
      "America/Kralendijk",
      "America/Lower_Princes"
    ],
    "countries": [
      {
        "code": "CW",
        "name": "Curaçao"
      },
      {
        "code": "AW",
        "name": "Aruba"
      },
      {
        "code": "BQ",
        "name": "Caribbean NL"
      },
      {
        "code": "SX",
        "name": "St Maarten (Dutch)"
      }
    ]
  },
  {
    "canonical": "America/Danmarkshavn",
    "offset_st": 0,
    "aliases": [],
    "countries": [
      {
        "code": "GL",
        "name": "Greenland"
      }
    ]
  },
  {
    "canonical": "America/Dawson",
    "offset_st": -25200,
    "aliases": [],
    "countries": [
      {
        "code": "CA",
        "name": "Canada"
      }
    ]
  },
  {
    "canonical": "America/Dawson_Creek",
    "offset_st": -25200,
    "aliases": [],
    "countries": [
      {
        "code": "CA",
        "name": "Canada"
      }
    ]
  },
  {
    "canonical": "America/Denver",
    "offset_st": -25200,
    "aliases": [
      "America/Shiprock",
      "Navajo",
      "US/Mountain"
    ],
    "countries": [
      {
        "code": "US",
        "name": "United States"
      }
    ]
  },
  {
    "canonical": "America/Detroit",
    "offset_st": -18000,
    "aliases": [
      "US/Michigan"
    ],
    "countries": [
      {
        "code": "US",
        "name": "United States"
      }
    ]
  },
  {
    "canonical": "America/Edmonton",
    "offset_st": -25200,
    "aliases": [
      "Canada/Mountain"
    ],
    "countries": [
      {
        "code": "CA",
        "name": "Canada"
      }
    ]
  },
  {
    "canonical": "America/Eirunepe",
    "offset_st": -18000,
    "aliases": [],
    "countries": [
      {
        "code": "BR",
        "name": "Brazil"
      }
    ]
  },
  {
    "canonical": "America/El_Salvador",
    "offset_st": -21600,
    "aliases": [],
    "countries": [
      {
        "code": "SV",
        "name": "El Salvador"
      }
    ]
  },
  {
    "canonical": "America/Fort_Nelson",
    "offset_st": -25200,
    "aliases": [],
    "countries": [
      {
        "code": "CA",
        "name": "Canada"
      }
    ]
  },
  {
    "canonical": "America/Fortaleza",
    "offset_st": -10800,
    "aliases": [],
    "countries": [
      {
        "code": "BR",
        "name": "Brazil"
      }
    ]
  },
  {
    "canonical": "America/Glace_Bay",
    "offset_st": -14400,
    "aliases": [],
    "countries": [
      {
        "code": "CA",
        "name": "Canada"
      }
    ]
  },
  {
    "canonical": "America/Goose_Bay",
    "offset_st": -14400,
    "aliases": [],
    "countries": [
      {
        "code": "CA",
        "name": "Canada"
      }
    ]
  },
  {
    "canonical": "America/Grand_Turk",
    "offset_st": -18000,
    "aliases": [],
    "countries": [
      {
        "code": "TC",
        "name": "Turks & Caicos Is"
      }
    ]
  },
  {
    "canonical": "America/Guatemala",
    "offset_st": -21600,
    "aliases": [],
    "countries": [
      {
        "code": "GT",
        "name": "Guatemala"
      }
    ]
  },
  {
    "canonical": "America/Guayaquil",
    "offset_st": -18000,
    "aliases": [],
    "countries": [
      {
        "code": "EC",
        "name": "Ecuador"
      }
    ]
  },
  {
    "canonical": "America/Guyana",
    "offset_st": -14400,
    "aliases": [],
    "countries": [
      {
        "code": "GY",
        "name": "Guyana"
      }
    ]
  },
  {
    "canonical": "America/Halifax",
    "offset_st": -14400,
    "aliases": [
      "Canada/Atlantic"
    ],
    "countries": [
      {
        "code": "CA",
        "name": "Canada"
      }
    ]
  },
  {
    "canonical": "America/Havana",
    "offset_st": -18000,
    "aliases": [
      "Cuba"
    ],
    "countries": [
      {
        "code": "CU",
        "name": "Cuba"
      }
    ]
  },
  {
    "canonical": "America/Hermosillo",
    "offset_st": -25200,
    "aliases": [],
    "countries": [
      {
        "code": "MX",
        "name": "Mexico"
      }
    ]
  },
  {
    "canonical": "America/Indiana/Indianapolis",
    "offset_st": -18000,
    "aliases": [
      "America/Fort_Wayne",
      "America/Indianapolis",
      "US/East-Indiana"
    ],
    "countries": [
      {
        "code": "US",
        "name": "United States"
      }
    ]
  },
  {
    "canonical": "America/Indiana/Knox",
    "offset_st": -21600,
    "aliases": [
      "America/Knox_IN",
      "US/Indiana-Starke"
    ],
    "countries": [
      {
        "code": "US",
        "name": "United States"
      }
    ]
  },
  {
    "canonical": "America/Indiana/Marengo",
    "offset_st": -18000,
    "aliases": [],
    "countries": [
      {
        "code": "US",
        "name": "United States"
      }
    ]
  },
  {
    "canonical": "America/Indiana/Petersburg",
    "offset_st": -18000,
    "aliases": [],
    "countries": [
      {
        "code": "US",
        "name": "United States"
      }
    ]
  },
  {
    "canonical": "America/Indiana/Tell_City",
    "offset_st": -21600,
    "aliases": [],
    "countries": [
      {
        "code": "US",
        "name": "United States"
      }
    ]
  },
  {
    "canonical": "America/Indiana/Vevay",
    "offset_st": -18000,
    "aliases": [],
    "countries": [
      {
        "code": "US",
        "name": "United States"
      }
    ]
  },
  {
    "canonical": "America/Indiana/Vincennes",
    "offset_st": -18000,
    "aliases": [],
    "countries": [
      {
        "code": "US",
        "name": "United States"
      }
    ]
  },
  {
    "canonical": "America/Indiana/Winamac",
    "offset_st": -18000,
    "aliases": [],
    "countries": [
      {
        "code": "US",
        "name": "United States"
      }
    ]
  },
  {
    "canonical": "America/Inuvik",
    "offset_st": -25200,
    "aliases": [],
    "countries": [
      {
        "code": "CA",
        "name": "Canada"
      }
    ]
  },
  {
    "canonical": "America/Iqaluit",
    "offset_st": -18000,
    "aliases": [],
    "countries": [
      {
        "code": "CA",
        "name": "Canada"
      }
    ]
  },
  {
    "canonical": "America/Jamaica",
    "offset_st": -18000,
    "aliases": [
      "Jamaica"
    ],
    "countries": [
      {
        "code": "JM",
        "name": "Jamaica"
      }
    ]
  },
  {
    "canonical": "America/Juneau",
    "offset_st": -32400,
    "aliases": [],
    "countries": [
      {
        "code": "US",
        "name": "United States"
      }
    ]
  },
  {
    "canonical": "America/Kentucky/Louisville",
    "offset_st": -18000,
    "aliases": [
      "America/Louisville"
    ],
    "countries": [
      {
        "code": "US",
        "name": "United States"
      }
    ]
  },
  {
    "canonical": "America/Kentucky/Monticello",
    "offset_st": -18000,
    "aliases": [],
    "countries": [
      {
        "code": "US",
        "name": "United States"
      }
    ]
  },
  {
    "canonical": "America/La_Paz",
    "offset_st": -14400,
    "aliases": [],
    "countries": [
      {
        "code": "BO",
        "name": "Bolivia"
      }
    ]
  },
  {
    "canonical": "America/Lima",
    "offset_st": -18000,
    "aliases": [],
    "countries": [
      {
        "code": "PE",
        "name": "Peru"
      }
    ]
  },
  {
    "canonical": "America/Los_Angeles",
    "offset_st": -28800,
    "aliases": [
      "US/Pacific"
    ],
    "countries": [
      {
        "code": "US",
        "name": "United States"
      }
    ]
  },
  {
    "canonical": "America/Maceio",
    "offset_st": -10800,
    "aliases": [],
    "countries": [
      {
        "code": "BR",
        "name": "Brazil"
      }
    ]
  },
  {
    "canonical": "America/Managua",
    "offset_st": -21600,
    "aliases": [],
    "countries": [
      {
        "code": "NI",
        "name": "Nicaragua"
      }
    ]
  },
  {
    "canonical": "America/Manaus",
    "offset_st": -14400,
    "aliases": [
      "Brazil/West"
    ],
    "countries": [
      {
        "code": "BR",
        "name": "Brazil"
      }
    ]
  },
  {
    "canonical": "America/Martinique",
    "offset_st": -14400,
    "aliases": [],
    "countries": [
      {
        "code": "MQ",
        "name": "Martinique"
      }
    ]
  },
  {
    "canonical": "America/Matamoros",
    "offset_st": -21600,
    "aliases": [],
    "countries": [
      {
        "code": "MX",
        "name": "Mexico"
      }
    ]
  },
  {
    "canonical": "America/Mazatlan",
    "offset_st": -25200,
    "aliases": [
      "Mexico/BajaSur"
    ],
    "countries": [
      {
        "code": "MX",
        "name": "Mexico"
      }
    ]
  },
  {
    "canonical": "America/Menominee",
    "offset_st": -21600,
    "aliases": [],
    "countries": [
      {
        "code": "US",
        "name": "United States"
      }
    ]
  },
  {
    "canonical": "America/Merida",
    "offset_st": -21600,
    "aliases": [],
    "countries": [
      {
        "code": "MX",
        "name": "Mexico"
      }
    ]
  },
  {
    "canonical": "America/Metlakatla",
    "offset_st": -32400,
    "aliases": [],
    "countries": [
      {
        "code": "US",
        "name": "United States"
      }
    ]
  },
  {
    "canonical": "America/Mexico_City",
    "offset_st": -21600,
    "aliases": [
      "Mexico/General"
    ],
    "countries": [
      {
        "code": "MX",
        "name": "Mexico"
      }
    ]
  },
  {
    "canonical": "America/Miquelon",
    "offset_st": -10800,
    "aliases": [],
    "countries": [
      {
        "code": "PM",
        "name": "St Pierre & Miquelon"
      }
    ]
  },
  {
    "canonical": "America/Moncton",
    "offset_st": -14400,
    "aliases": [],
    "countries": [
      {
        "code": "CA",
        "name": "Canada"
      }
    ]
  },
  {
    "canonical": "America/Monterrey",
    "offset_st": -21600,
    "aliases": [],
    "countries": [
      {
        "code": "MX",
        "name": "Mexico"
      }
    ]
  },
  {
    "canonical": "America/Montevideo",
    "offset_st": -10800,
    "aliases": [],
    "countries": [
      {
        "code": "UY",
        "name": "Uruguay"
      }
    ]
  },
  {
    "canonical": "America/Nassau",
    "offset_st": -18000,
    "aliases": [],
    "countries": [
      {
        "code": "BS",
        "name": "Bahamas"
      }
    ]
  },
  {
    "canonical": "America/New_York",
    "offset_st": -18000,
    "aliases": [
      "US/Eastern"
    ],
    "countries": [
      {
        "code": "US",
        "name": "United States"
      }
    ]
  },
  {
    "canonical": "America/Nipigon",
    "offset_st": -18000,
    "aliases": [],
    "countries": [
      {
        "code": "CA",
        "name": "Canada"
      }
    ]
  },
  {
    "canonical": "America/Nome",
    "offset_st": -32400,
    "aliases": [],
    "countries": [
      {
        "code": "US",
        "name": "United States"
      }
    ]
  },
  {
    "canonical": "America/Noronha",
    "offset_st": -7200,
    "aliases": [
      "Brazil/DeNoronha"
    ],
    "countries": [
      {
        "code": "BR",
        "name": "Brazil"
      }
    ]
  },
  {
    "canonical": "America/North_Dakota/Beulah",
    "offset_st": -21600,
    "aliases": [],
    "countries": [
      {
        "code": "US",
        "name": "United States"
      }
    ]
  },
  {
    "canonical": "America/North_Dakota/Center",
    "offset_st": -21600,
    "aliases": [],
    "countries": [
      {
        "code": "US",
        "name": "United States"
      }
    ]
  },
  {
    "canonical": "America/North_Dakota/New_Salem",
    "offset_st": -21600,
    "aliases": [],
    "countries": [
      {
        "code": "US",
        "name": "United States"
      }
    ]
  },
  {
    "canonical": "America/Nuuk",
    "offset_st": -10800,
    "aliases": [
      "America/Godthab"
    ],
    "countries": [
      {
        "code": "GL",
        "name": "Greenland"
      }
    ]
  },
  {
    "canonical": "America/Ojinaga",
    "offset_st": -25200,
    "aliases": [],
    "countries": [
      {
        "code": "MX",
        "name": "Mexico"
      }
    ]
  },
  {
    "canonical": "America/Panama",
    "offset_st": -18000,
    "aliases": [
      "America/Cayman"
    ],
    "countries": [
      {
        "code": "PA",
        "name": "Panama"
      },
      {
        "code": "KY",
        "name": "Cayman Islands"
      }
    ]
  },
  {
    "canonical": "America/Pangnirtung",
    "offset_st": -18000,
    "aliases": [],
    "countries": [
      {
        "code": "CA",
        "name": "Canada"
      }
    ]
  },
  {
    "canonical": "America/Paramaribo",
    "offset_st": -10800,
    "aliases": [],
    "countries": [
      {
        "code": "SR",
        "name": "Suriname"
      }
    ]
  },
  {
    "canonical": "America/Phoenix",
    "offset_st": -25200,
    "aliases": [
      "US/Arizona"
    ],
    "countries": [
      {
        "code": "US",
        "name": "United States"
      }
    ]
  },
  {
    "canonical": "America/Port-au-Prince",
    "offset_st": -18000,
    "aliases": [],
    "countries": [
      {
        "code": "HT",
        "name": "Haiti"
      }
    ]
  },
  {
    "canonical": "America/Port_of_Spain",
    "offset_st": -14400,
    "aliases": [
      "America/Anguilla",
      "America/Antigua",
      "America/Dominica",
      "America/Grenada",
      "America/Guadeloupe",
      "America/Marigot",
      "America/Montserrat",
      "America/St_Barthelemy",
      "America/St_Kitts",
      "America/St_Lucia",
      "America/St_Thomas",
      "America/St_Vincent",
      "America/Tortola",
      "America/Virgin"
    ],
    "countries": [
      {
        "code": "TT",
        "name": "Trinidad & Tobago"
      },
      {
        "code": "AG",
        "name": "Antigua & Barbuda"
      },
      {
        "code": "AI",
        "name": "Anguilla"
      },
      {
        "code": "BL",
        "name": "St Barthelemy"
      },
      {
        "code": "DM",
        "name": "Dominica"
      },
      {
        "code": "GD",
        "name": "Grenada"
      },
      {
        "code": "GP",
        "name": "Guadeloupe"
      },
      {
        "code": "KN",
        "name": "St Kitts & Nevis"
      },
      {
        "code": "LC",
        "name": "St Lucia"
      },
      {
        "code": "MF",
        "name": "St Martin (French)"
      },
      {
        "code": "MS",
        "name": "Montserrat"
      },
      {
        "code": "VC",
        "name": "St Vincent"
      },
      {
        "code": "VG",
        "name": "Virgin Islands (UK)"
      },
      {
        "code": "VI",
        "name": "Virgin Islands (US)"
      }
    ]
  },
  {
    "canonical": "America/Porto_Velho",
    "offset_st": -14400,
    "aliases": [],
    "countries": [
      {
        "code": "BR",
        "name": "Brazil"
      }
    ]
  },
  {
    "canonical": "America/Puerto_Rico",
    "offset_st": -14400,
    "aliases": [],
    "countries": [
      {
        "code": "PR",
        "name": "Puerto Rico"
      }
    ]
  },
  {
    "canonical": "America/Punta_Arenas",
    "offset_st": -10800,
    "aliases": [],
    "countries": [
      {
        "code": "CL",
        "name": "Chile"
      }
    ]
  },
  {
    "canonical": "America/Rainy_River",
    "offset_st": -21600,
    "aliases": [],
    "countries": [
      {
        "code": "CA",
        "name": "Canada"
      }
    ]
  },
  {
    "canonical": "America/Rankin_Inlet",
    "offset_st": -21600,
    "aliases": [],
    "countries": [
      {
        "code": "CA",
        "name": "Canada"
      }
    ]
  },
  {
    "canonical": "America/Recife",
    "offset_st": -10800,
    "aliases": [],
    "countries": [
      {
        "code": "BR",
        "name": "Brazil"
      }
    ]
  },
  {
    "canonical": "America/Regina",
    "offset_st": -21600,
    "aliases": [
      "Canada/Saskatchewan"
    ],
    "countries": [
      {
        "code": "CA",
        "name": "Canada"
      }
    ]
  },
  {
    "canonical": "America/Resolute",
    "offset_st": -21600,
    "aliases": [],
    "countries": [
      {
        "code": "CA",
        "name": "Canada"
      }
    ]
  },
  {
    "canonical": "America/Rio_Branco",
    "offset_st": -18000,
    "aliases": [
      "America/Porto_Acre",
      "Brazil/Acre"
    ],
    "countries": [
      {
        "code": "BR",
        "name": "Brazil"
      }
    ]
  },
  {
    "canonical": "America/Santarem",
    "offset_st": -10800,
    "aliases": [],
    "countries": [
      {
        "code": "BR",
        "name": "Brazil"
      }
    ]
  },
  {
    "canonical": "America/Santiago",
    "offset_st": -14400,
    "aliases": [
      "Chile/Continental"
    ],
    "countries": [
      {
        "code": "CL",
        "name": "Chile"
      }
    ]
  },
  {
    "canonical": "America/Santo_Domingo",
    "offset_st": -14400,
    "aliases": [],
    "countries": [
      {
        "code": "DO",
        "name": "Dominican Republic"
      }
    ]
  },
  {
    "canonical": "America/Sao_Paulo",
    "offset_st": -10800,
    "aliases": [
      "Brazil/East"
    ],
    "countries": [
      {
        "code": "BR",
        "name": "Brazil"
      }
    ]
  },
  {
    "canonical": "America/Scoresbysund",
    "offset_st": -3600,
    "aliases": [],
    "countries": [
      {
        "code": "GL",
        "name": "Greenland"
      }
    ]
  },
  {
    "canonical": "America/Sitka",
    "offset_st": -32400,
    "aliases": [],
    "countries": [
      {
        "code": "US",
        "name": "United States"
      }
    ]
  },
  {
    "canonical": "America/St_Johns",
    "offset_st": -12600,
    "aliases": [
      "Canada/Newfoundland"
    ],
    "countries": [
      {
        "code": "CA",
        "name": "Canada"
      }
    ]
  },
  {
    "canonical": "America/Swift_Current",
    "offset_st": -21600,
    "aliases": [],
    "countries": [
      {
        "code": "CA",
        "name": "Canada"
      }
    ]
  },
  {
    "canonical": "America/Tegucigalpa",
    "offset_st": -21600,
    "aliases": [],
    "countries": [
      {
        "code": "HN",
        "name": "Honduras"
      }
    ]
  },
  {
    "canonical": "America/Thule",
    "offset_st": -14400,
    "aliases": [],
    "countries": [
      {
        "code": "GL",
        "name": "Greenland"
      }
    ]
  },
  {
    "canonical": "America/Thunder_Bay",
    "offset_st": -18000,
    "aliases": [],
    "countries": [
      {
        "code": "CA",
        "name": "Canada"
      }
    ]
  },
  {
    "canonical": "America/Tijuana",
    "offset_st": -28800,
    "aliases": [
      "America/Ensenada",
      "America/Santa_Isabel",
      "Mexico/BajaNorte"
    ],
    "countries": [
      {
        "code": "MX",
        "name": "Mexico"
      }
    ]
  },
  {
    "canonical": "America/Toronto",
    "offset_st": -18000,
    "aliases": [
      "America/Montreal",
      "Canada/Eastern"
    ],
    "countries": [
      {
        "code": "CA",
        "name": "Canada"
      }
    ]
  },
  {
    "canonical": "America/Vancouver",
    "offset_st": -28800,
    "aliases": [
      "Canada/Pacific"
    ],
    "countries": [
      {
        "code": "CA",
        "name": "Canada"
      }
    ]
  },
  {
    "canonical": "America/Whitehorse",
    "offset_st": -25200,
    "aliases": [
      "Canada/Yukon"
    ],
    "countries": [
      {
        "code": "CA",
        "name": "Canada"
      }
    ]
  },
  {
    "canonical": "America/Winnipeg",
    "offset_st": -21600,
    "aliases": [
      "Canada/Central"
    ],
    "countries": [
      {
        "code": "CA",
        "name": "Canada"
      }
    ]
  },
  {
    "canonical": "America/Yakutat",
    "offset_st": -32400,
    "aliases": [],
    "countries": [
      {
        "code": "US",
        "name": "United States"
      }
    ]
  },
  {
    "canonical": "America/Yellowknife",
    "offset_st": -25200,
    "aliases": [],
    "countries": [
      {
        "code": "CA",
        "name": "Canada"
      }
    ]
  },
  {
    "canonical": "Antarctica/Casey",
    "offset_st": 28800,
    "aliases": [],
    "countries": [
      {
        "code": "AQ",
        "name": "Antarctica"
      }
    ]
  },
  {
    "canonical": "Antarctica/Davis",
    "offset_st": 25200,
    "aliases": [],
    "countries": [
      {
        "code": "AQ",
        "name": "Antarctica"
      }
    ]
  },
  {
    "canonical": "Antarctica/DumontDUrville",
    "offset_st": 36000,
    "aliases": [],
    "countries": [
      {
        "code": "AQ",
        "name": "Antarctica"
      }
    ]
  },
  {
    "canonical": "Antarctica/Macquarie",
    "offset_st": 39600,
    "aliases": [],
    "countries": [
      {
        "code": "AU",
        "name": "Australia"
      }
    ]
  },
  {
    "canonical": "Antarctica/Mawson",
    "offset_st": 18000,
    "aliases": [],
    "countries": [
      {
        "code": "AQ",
        "name": "Antarctica"
      }
    ]
  },
  {
    "canonical": "Antarctica/Palmer",
    "offset_st": -10800,
    "aliases": [],
    "countries": [
      {
        "code": "AQ",
        "name": "Antarctica"
      }
    ]
  },
  {
    "canonical": "Antarctica/Rothera",
    "offset_st": -10800,
    "aliases": [],
    "countries": [
      {
        "code": "AQ",
        "name": "Antarctica"
      }
    ]
  },
  {
    "canonical": "Antarctica/Syowa",
    "offset_st": 10800,
    "aliases": [],
    "countries": [
      {
        "code": "AQ",
        "name": "Antarctica"
      }
    ]
  },
  {
    "canonical": "Antarctica/Troll",
    "offset_st": 0,
    "aliases": [],
    "countries": [
      {
        "code": "AQ",
        "name": "Antarctica"
      }
    ]
  },
  {
    "canonical": "Antarctica/Vostok",
    "offset_st": 21600,
    "aliases": [],
    "countries": [
      {
        "code": "AQ",
        "name": "Antarctica"
      }
    ]
  },
  {
    "canonical": "Asia/Almaty",
    "offset_st": 21600,
    "aliases": [],
    "countries": [
      {
        "code": "KZ",
        "name": "Kazakhstan"
      }
    ]
  },
  {
    "canonical": "Asia/Amman",
    "offset_st": 7200,
    "aliases": [],
    "countries": [
      {
        "code": "JO",
        "name": "Jordan"
      }
    ]
  },
  {
    "canonical": "Asia/Anadyr",
    "offset_st": 43200,
    "aliases": [],
    "countries": [
      {
        "code": "RU",
        "name": "Russia"
      }
    ]
  },
  {
    "canonical": "Asia/Aqtau",
    "offset_st": 18000,
    "aliases": [],
    "countries": [
      {
        "code": "KZ",
        "name": "Kazakhstan"
      }
    ]
  },
  {
    "canonical": "Asia/Aqtobe",
    "offset_st": 18000,
    "aliases": [],
    "countries": [
      {
        "code": "KZ",
        "name": "Kazakhstan"
      }
    ]
  },
  {
    "canonical": "Asia/Ashgabat",
    "offset_st": 18000,
    "aliases": [
      "Asia/Ashkhabad"
    ],
    "countries": [
      {
        "code": "TM",
        "name": "Turkmenistan"
      }
    ]
  },
  {
    "canonical": "Asia/Atyrau",
    "offset_st": 18000,
    "aliases": [],
    "countries": [
      {
        "code": "KZ",
        "name": "Kazakhstan"
      }
    ]
  },
  {
    "canonical": "Asia/Baghdad",
    "offset_st": 10800,
    "aliases": [],
    "countries": [
      {
        "code": "IQ",
        "name": "Iraq"
      }
    ]
  },
  {
    "canonical": "Asia/Baku",
    "offset_st": 14400,
    "aliases": [],
    "countries": [
      {
        "code": "AZ",
        "name": "Azerbaijan"
      }
    ]
  },
  {
    "canonical": "Asia/Bangkok",
    "offset_st": 25200,
    "aliases": [
      "Asia/Phnom_Penh",
      "Asia/Vientiane"
    ],
    "countries": [
      {
        "code": "TH",
        "name": "Thailand"
      },
      {
        "code": "KH",
        "name": "Cambodia"
      },
      {
        "code": "LA",
        "name": "Laos"
      },
      {
        "code": "VN",
        "name": "Vietnam"
      }
    ]
  },
  {
    "canonical": "Asia/Barnaul",
    "offset_st": 25200,
    "aliases": [],
    "countries": [
      {
        "code": "RU",
        "name": "Russia"
      }
    ]
  },
  {
    "canonical": "Asia/Beirut",
    "offset_st": 7200,
    "aliases": [],
    "countries": [
      {
        "code": "LB",
        "name": "Lebanon"
      }
    ]
  },
  {
    "canonical": "Asia/Bishkek",
    "offset_st": 21600,
    "aliases": [],
    "countries": [
      {
        "code": "KG",
        "name": "Kyrgyzstan"
      }
    ]
  },
  {
    "canonical": "Asia/Brunei",
    "offset_st": 28800,
    "aliases": [],
    "countries": [
      {
        "code": "BN",
        "name": "Brunei"
      }
    ]
  },
  {
    "canonical": "Asia/Chita",
    "offset_st": 32400,
    "aliases": [],
    "countries": [
      {
        "code": "RU",
        "name": "Russia"
      }
    ]
  },
  {
    "canonical": "Asia/Choibalsan",
    "offset_st": 28800,
    "aliases": [],
    "countries": [
      {
        "code": "MN",
        "name": "Mongolia"
      }
    ]
  },
  {
    "canonical": "Asia/Colombo",
    "offset_st": 19800,
    "aliases": [],
    "countries": [
      {
        "code": "LK",
        "name": "Sri Lanka"
      }
    ]
  },
  {
    "canonical": "Asia/Damascus",
    "offset_st": 7200,
    "aliases": [],
    "countries": [
      {
        "code": "SY",
        "name": "Syria"
      }
    ]
  },
  {
    "canonical": "Asia/Dhaka",
    "offset_st": 21600,
    "aliases": [
      "Asia/Dacca"
    ],
    "countries": [
      {
        "code": "BD",
        "name": "Bangladesh"
      }
    ]
  },
  {
    "canonical": "Asia/Dili",
    "offset_st": 32400,
    "aliases": [],
    "countries": [
      {
        "code": "TL",
        "name": "East Timor"
      }
    ]
  },
  {
    "canonical": "Asia/Dubai",
    "offset_st": 14400,
    "aliases": [
      "Asia/Muscat"
    ],
    "countries": [
      {
        "code": "AE",
        "name": "United Arab Emirates"
      },
      {
        "code": "OM",
        "name": "Oman"
      }
    ]
  },
  {
    "canonical": "Asia/Dushanbe",
    "offset_st": 18000,
    "aliases": [],
    "countries": [
      {
        "code": "TJ",
        "name": "Tajikistan"
      }
    ]
  },
  {
    "canonical": "Asia/Famagusta",
    "offset_st": 7200,
    "aliases": [],
    "countries": [
      {
        "code": "CY",
        "name": "Cyprus"
      }
    ]
  },
  {
    "canonical": "Asia/Gaza",
    "offset_st": 7200,
    "aliases": [],
    "countries": [
      {
        "code": "PS",
        "name": "Palestine"
      }
    ]
  },
  {
    "canonical": "Asia/Hebron",
    "offset_st": 7200,
    "aliases": [],
    "countries": [
      {
        "code": "PS",
        "name": "Palestine"
      }
    ]
  },
  {
    "canonical": "Asia/Ho_Chi_Minh",
    "offset_st": 25200,
    "aliases": [
      "Asia/Saigon"
    ],
    "countries": [
      {
        "code": "VN",
        "name": "Vietnam"
      }
    ]
  },
  {
    "canonical": "Asia/Hong_Kong",
    "offset_st": 28800,
    "aliases": [
      "Hongkong"
    ],
    "countries": [
      {
        "code": "HK",
        "name": "Hong Kong"
      }
    ]
  },
  {
    "canonical": "Asia/Hovd",
    "offset_st": 25200,
    "aliases": [],
    "countries": [
      {
        "code": "MN",
        "name": "Mongolia"
      }
    ]
  },
  {
    "canonical": "Asia/Irkutsk",
    "offset_st": 28800,
    "aliases": [],
    "countries": [
      {
        "code": "RU",
        "name": "Russia"
      }
    ]
  },
  {
    "canonical": "Asia/Jakarta",
    "offset_st": 25200,
    "aliases": [],
    "countries": [
      {
        "code": "ID",
        "name": "Indonesia"
      }
    ]
  },
  {
    "canonical": "Asia/Jayapura",
    "offset_st": 32400,
    "aliases": [],
    "countries": [
      {
        "code": "ID",
        "name": "Indonesia"
      }
    ]
  },
  {
    "canonical": "Asia/Jerusalem",
    "offset_st": 7200,
    "aliases": [
      "Asia/Tel_Aviv",
      "Israel"
    ],
    "countries": [
      {
        "code": "IL",
        "name": "Israel"
      }
    ]
  },
  {
    "canonical": "Asia/Kabul",
    "offset_st": 16200,
    "aliases": [],
    "countries": [
      {
        "code": "AF",
        "name": "Afghanistan"
      }
    ]
  },
  {
    "canonical": "Asia/Kamchatka",
    "offset_st": 43200,
    "aliases": [],
    "countries": [
      {
        "code": "RU",
        "name": "Russia"
      }
    ]
  },
  {
    "canonical": "Asia/Karachi",
    "offset_st": 18000,
    "aliases": [],
    "countries": [
      {
        "code": "PK",
        "name": "Pakistan"
      }
    ]
  },
  {
    "canonical": "Asia/Kathmandu",
    "offset_st": 20700,
    "aliases": [
      "Asia/Katmandu"
    ],
    "countries": [
      {
        "code": "NP",
        "name": "Nepal"
      }
    ]
  },
  {
    "canonical": "Asia/Khandyga",
    "offset_st": 32400,
    "aliases": [],
    "countries": [
      {
        "code": "RU",
        "name": "Russia"
      }
    ]
  },
  {
    "canonical": "Asia/Kolkata",
    "offset_st": 19800,
    "aliases": [
      "Asia/Calcutta"
    ],
    "countries": [
      {
        "code": "IN",
        "name": "India"
      }
    ]
  },
  {
    "canonical": "Asia/Krasnoyarsk",
    "offset_st": 25200,
    "aliases": [],
    "countries": [
      {
        "code": "RU",
        "name": "Russia"
      }
    ]
  },
  {
    "canonical": "Asia/Kuala_Lumpur",
    "offset_st": 28800,
    "aliases": [],
    "countries": [
      {
        "code": "MY",
        "name": "Malaysia"
      }
    ]
  },
  {
    "canonical": "Asia/Kuching",
    "offset_st": 28800,
    "aliases": [],
    "countries": [
      {
        "code": "MY",
        "name": "Malaysia"
      }
    ]
  },
  {
    "canonical": "Asia/Macau",
    "offset_st": 28800,
    "aliases": [
      "Asia/Macao"
    ],
    "countries": [
      {
        "code": "MO",
        "name": "Macau"
      }
    ]
  },
  {
    "canonical": "Asia/Magadan",
    "offset_st": 39600,
    "aliases": [],
    "countries": [
      {
        "code": "RU",
        "name": "Russia"
      }
    ]
  },
  {
    "canonical": "Asia/Makassar",
    "offset_st": 28800,
    "aliases": [
      "Asia/Ujung_Pandang"
    ],
    "countries": [
      {
        "code": "ID",
        "name": "Indonesia"
      }
    ]
  },
  {
    "canonical": "Asia/Manila",
    "offset_st": 28800,
    "aliases": [],
    "countries": [
      {
        "code": "PH",
        "name": "Philippines"
      }
    ]
  },
  {
    "canonical": "Asia/Nicosia",
    "offset_st": 7200,
    "aliases": [
      "Europe/Nicosia"
    ],
    "countries": [
      {
        "code": "CY",
        "name": "Cyprus"
      }
    ]
  },
  {
    "canonical": "Asia/Novokuznetsk",
    "offset_st": 25200,
    "aliases": [],
    "countries": [
      {
        "code": "RU",
        "name": "Russia"
      }
    ]
  },
  {
    "canonical": "Asia/Novosibirsk",
    "offset_st": 25200,
    "aliases": [],
    "countries": [
      {
        "code": "RU",
        "name": "Russia"
      }
    ]
  },
  {
    "canonical": "Asia/Omsk",
    "offset_st": 21600,
    "aliases": [],
    "countries": [
      {
        "code": "RU",
        "name": "Russia"
      }
    ]
  },
  {
    "canonical": "Asia/Oral",
    "offset_st": 18000,
    "aliases": [],
    "countries": [
      {
        "code": "KZ",
        "name": "Kazakhstan"
      }
    ]
  },
  {
    "canonical": "Asia/Pontianak",
    "offset_st": 25200,
    "aliases": [],
    "countries": [
      {
        "code": "ID",
        "name": "Indonesia"
      }
    ]
  },
  {
    "canonical": "Asia/Pyongyang",
    "offset_st": 32400,
    "aliases": [],
    "countries": [
      {
        "code": "KP",
        "name": "Korea (North)"
      }
    ]
  },
  {
    "canonical": "Asia/Qatar",
    "offset_st": 10800,
    "aliases": [
      "Asia/Bahrain"
    ],
    "countries": [
      {
        "code": "QA",
        "name": "Qatar"
      },
      {
        "code": "BH",
        "name": "Bahrain"
      }
    ]
  },
  {
    "canonical": "Asia/Qostanay",
    "offset_st": 21600,
    "aliases": [],
    "countries": [
      {
        "code": "KZ",
        "name": "Kazakhstan"
      }
    ]
  },
  {
    "canonical": "Asia/Qyzylorda",
    "offset_st": 18000,
    "aliases": [],
    "countries": [
      {
        "code": "KZ",
        "name": "Kazakhstan"
      }
    ]
  },
  {
    "canonical": "Asia/Riyadh",
    "offset_st": 10800,
    "aliases": [
      "Asia/Aden",
      "Asia/Kuwait"
    ],
    "countries": [
      {
        "code": "SA",
        "name": "Saudi Arabia"
      },
      {
        "code": "KW",
        "name": "Kuwait"
      },
      {
        "code": "YE",
        "name": "Yemen"
      }
    ]
  },
  {
    "canonical": "Asia/Sakhalin",
    "offset_st": 39600,
    "aliases": [],
    "countries": [
      {
        "code": "RU",
        "name": "Russia"
      }
    ]
  },
  {
    "canonical": "Asia/Samarkand",
    "offset_st": 18000,
    "aliases": [],
    "countries": [
      {
        "code": "UZ",
        "name": "Uzbekistan"
      }
    ]
  },
  {
    "canonical": "Asia/Seoul",
    "offset_st": 32400,
    "aliases": [
      "ROK"
    ],
    "countries": [
      {
        "code": "KR",
        "name": "Korea (South)"
      }
    ]
  },
  {
    "canonical": "Asia/Shanghai",
    "offset_st": 28800,
    "aliases": [
      "Asia/Chongqing",
      "Asia/Chungking",
      "Asia/Harbin",
      "PRC"
    ],
    "countries": [
      {
        "code": "CN",
        "name": "China"
      }
    ]
  },
  {
    "canonical": "Asia/Singapore",
    "offset_st": 28800,
    "aliases": [
      "Singapore"
    ],
    "countries": [
      {
        "code": "SG",
        "name": "Singapore"
      }
    ]
  },
  {
    "canonical": "Asia/Srednekolymsk",
    "offset_st": 39600,
    "aliases": [],
    "countries": [
      {
        "code": "RU",
        "name": "Russia"
      }
    ]
  },
  {
    "canonical": "Asia/Taipei",
    "offset_st": 28800,
    "aliases": [
      "ROC"
    ],
    "countries": [
      {
        "code": "TW",
        "name": "Taiwan"
      }
    ]
  },
  {
    "canonical": "Asia/Tashkent",
    "offset_st": 18000,
    "aliases": [],
    "countries": [
      {
        "code": "UZ",
        "name": "Uzbekistan"
      }
    ]
  },
  {
    "canonical": "Asia/Tbilisi",
    "offset_st": 14400,
    "aliases": [],
    "countries": [
      {
        "code": "GE",
        "name": "Georgia"
      }
    ]
  },
  {
    "canonical": "Asia/Tehran",
    "offset_st": 12600,
    "aliases": [
      "Iran"
    ],
    "countries": [
      {
        "code": "IR",
        "name": "Iran"
      }
    ]
  },
  {
    "canonical": "Asia/Thimphu",
    "offset_st": 21600,
    "aliases": [
      "Asia/Thimbu"
    ],
    "countries": [
      {
        "code": "BT",
        "name": "Bhutan"
      }
    ]
  },
  {
    "canonical": "Asia/Tokyo",
    "offset_st": 32400,
    "aliases": [
      "Japan"
    ],
    "countries": [
      {
        "code": "JP",
        "name": "Japan"
      }
    ]
  },
  {
    "canonical": "Asia/Tomsk",
    "offset_st": 25200,
    "aliases": [],
    "countries": [
      {
        "code": "RU",
        "name": "Russia"
      }
    ]
  },
  {
    "canonical": "Asia/Ulaanbaatar",
    "offset_st": 28800,
    "aliases": [
      "Asia/Ulan_Bator"
    ],
    "countries": [
      {
        "code": "MN",
        "name": "Mongolia"
      }
    ]
  },
  {
    "canonical": "Asia/Urumqi",
    "offset_st": 21600,
    "aliases": [
      "Asia/Kashgar"
    ],
    "countries": [
      {
        "code": "CN",
        "name": "China"
      }
    ]
  },
  {
    "canonical": "Asia/Ust-Nera",
    "offset_st": 36000,
    "aliases": [],
    "countries": [
      {
        "code": "RU",
        "name": "Russia"
      }
    ]
  },
  {
    "canonical": "Asia/Vladivostok",
    "offset_st": 36000,
    "aliases": [],
    "countries": [
      {
        "code": "RU",
        "name": "Russia"
      }
    ]
  },
  {
    "canonical": "Asia/Yakutsk",
    "offset_st": 32400,
    "aliases": [],
    "countries": [
      {
        "code": "RU",
        "name": "Russia"
      }
    ]
  },
  {
    "canonical": "Asia/Yangon",
    "offset_st": 23400,
    "aliases": [
      "Asia/Rangoon"
    ],
    "countries": [
      {
        "code": "MM",
        "name": "Myanmar (Burma)"
      }
    ]
  },
  {
    "canonical": "Asia/Yekaterinburg",
    "offset_st": 18000,
    "aliases": [],
    "countries": [
      {
        "code": "RU",
        "name": "Russia"
      }
    ]
  },
  {
    "canonical": "Asia/Yerevan",
    "offset_st": 14400,
    "aliases": [],
    "countries": [
      {
        "code": "AM",
        "name": "Armenia"
      }
    ]
  },
  {
    "canonical": "Atlantic/Azores",
    "offset_st": -3600,
    "aliases": [],
    "countries": [
      {
        "code": "PT",
        "name": "Portugal"
      }
    ]
  },
  {
    "canonical": "Atlantic/Bermuda",
    "offset_st": -14400,
    "aliases": [],
    "countries": [
      {
        "code": "BM",
        "name": "Bermuda"
      }
    ]
  },
  {
    "canonical": "Atlantic/Canary",
    "offset_st": 0,
    "aliases": [],
    "countries": [
      {
        "code": "ES",
        "name": "Spain"
      }
    ]
  },
  {
    "canonical": "Atlantic/Cape_Verde",
    "offset_st": -3600,
    "aliases": [],
    "countries": [
      {
        "code": "CV",
        "name": "Cape Verde"
      }
    ]
  },
  {
    "canonical": "Atlantic/Faroe",
    "offset_st": 0,
    "aliases": [
      "Atlantic/Faeroe"
    ],
    "countries": [
      {
        "code": "FO",
        "name": "Faroe Islands"
      }
    ]
  },
  {
    "canonical": "Atlantic/Madeira",
    "offset_st": 0,
    "aliases": [],
    "countries": [
      {
        "code": "PT",
        "name": "Portugal"
      }
    ]
  },
  {
    "canonical": "Atlantic/Reykjavik",
    "offset_st": 0,
    "aliases": [
      "Iceland"
    ],
    "countries": [
      {
        "code": "IS",
        "name": "Iceland"
      }
    ]
  },
  {
    "canonical": "Atlantic/South_Georgia",
    "offset_st": -7200,
    "aliases": [],
    "countries": [
      {
        "code": "GS",
        "name": "South Georgia & the South Sandwich Islands"
      }
    ]
  },
  {
    "canonical": "Atlantic/Stanley",
    "offset_st": -10800,
    "aliases": [],
    "countries": [
      {
        "code": "FK",
        "name": "Falkland Islands"
      }
    ]
  },
  {
    "canonical": "Australia/Adelaide",
    "offset_st": 34200,
    "aliases": [
      "Australia/South"
    ],
    "countries": [
      {
        "code": "AU",
        "name": "Australia"
      }
    ]
  },
  {
    "canonical": "Australia/Brisbane",
    "offset_st": 36000,
    "aliases": [
      "Australia/Queensland"
    ],
    "countries": [
      {
        "code": "AU",
        "name": "Australia"
      }
    ]
  },
  {
    "canonical": "Australia/Broken_Hill",
    "offset_st": 34200,
    "aliases": [
      "Australia/Yancowinna"
    ],
    "countries": [
      {
        "code": "AU",
        "name": "Australia"
      }
    ]
  },
  {
    "canonical": "Australia/Currie",
    "offset_st": 36000,
    "aliases": [],
    "countries": [
      {
        "code": "AU",
        "name": "Australia"
      }
    ]
  },
  {
    "canonical": "Australia/Darwin",
    "offset_st": 34200,
    "aliases": [
      "Australia/North"
    ],
    "countries": [
      {
        "code": "AU",
        "name": "Australia"
      }
    ]
  },
  {
    "canonical": "Australia/Eucla",
    "offset_st": 31500,
    "aliases": [],
    "countries": [
      {
        "code": "AU",
        "name": "Australia"
      }
    ]
  },
  {
    "canonical": "Australia/Hobart",
    "offset_st": 36000,
    "aliases": [
      "Australia/Tasmania"
    ],
    "countries": [
      {
        "code": "AU",
        "name": "Australia"
      }
    ]
  },
  {
    "canonical": "Australia/Lindeman",
    "offset_st": 36000,
    "aliases": [],
    "countries": [
      {
        "code": "AU",
        "name": "Australia"
      }
    ]
  },
  {
    "canonical": "Australia/Lord_Howe",
    "offset_st": 37800,
    "aliases": [
      "Australia/LHI"
    ],
    "countries": [
      {
        "code": "AU",
        "name": "Australia"
      }
    ]
  },
  {
    "canonical": "Australia/Melbourne",
    "offset_st": 36000,
    "aliases": [
      "Australia/Victoria"
    ],
    "countries": [
      {
        "code": "AU",
        "name": "Australia"
      }
    ]
  },
  {
    "canonical": "Australia/Perth",
    "offset_st": 28800,
    "aliases": [
      "Australia/West"
    ],
    "countries": [
      {
        "code": "AU",
        "name": "Australia"
      }
    ]
  },
  {
    "canonical": "Australia/Sydney",
    "offset_st": 36000,
    "aliases": [
      "Australia/ACT",
      "Australia/Canberra",
      "Australia/NSW"
    ],
    "countries": [
      {
        "code": "AU",
        "name": "Australia"
      }
    ]
  },
  {
    "canonical": "CET",
    "offset_st": 3600,
    "aliases": [],
    "countries": []
  },
  {
    "canonical": "CST6CDT",
    "offset_st": -21600,
    "aliases": [],
    "countries": []
  },
  {
    "canonical": "EET",
    "offset_st": 7200,
    "aliases": [],
    "countries": []
  },
  {
    "canonical": "EST",
    "offset_st": -18000,
    "aliases": [],
    "countries": []
  },
  {
    "canonical": "EST5EDT",
    "offset_st": -18000,
    "aliases": [],
    "countries": []
  },
  {
    "canonical": "Etc/GMT",
    "offset_st": 0,
    "aliases": [
      "Etc/GMT+0",
      "Etc/GMT-0",
      "Etc/GMT0",
      "Etc/Greenwich",
      "GMT",
      "GMT+0",
      "GMT-0",
      "GMT0",
      "Greenwich"
    ],
    "countries": []
  },
  {
    "canonical": "Etc/GMT+1",
    "offset_st": -3600,
    "aliases": [],
    "countries": []
  },
  {
    "canonical": "Etc/GMT+10",
    "offset_st": -36000,
    "aliases": [],
    "countries": []
  },
  {
    "canonical": "Etc/GMT+11",
    "offset_st": -39600,
    "aliases": [],
    "countries": []
  },
  {
    "canonical": "Etc/GMT+12",
    "offset_st": -43200,
    "aliases": [],
    "countries": []
  },
  {
    "canonical": "Etc/GMT+2",
    "offset_st": -7200,
    "aliases": [],
    "countries": []
  },
  {
    "canonical": "Etc/GMT+3",
    "offset_st": -10800,
    "aliases": [],
    "countries": []
  },
  {
    "canonical": "Etc/GMT+4",
    "offset_st": -14400,
    "aliases": [],
    "countries": []
  },
  {
    "canonical": "Etc/GMT+5",
    "offset_st": -18000,
    "aliases": [],
    "countries": []
  },
  {
    "canonical": "Etc/GMT+6",
    "offset_st": -21600,
    "aliases": [],
    "countries": []
  },
  {
    "canonical": "Etc/GMT+7",
    "offset_st": -25200,
    "aliases": [],
    "countries": []
  },
  {
    "canonical": "Etc/GMT+8",
    "offset_st": -28800,
    "aliases": [],
    "countries": []
  },
  {
    "canonical": "Etc/GMT+9",
    "offset_st": -32400,
    "aliases": [],
    "countries": []
  },
  {
    "canonical": "Etc/GMT-1",
    "offset_st": 3600,
    "aliases": [],
    "countries": []
  },
  {
    "canonical": "Etc/GMT-10",
    "offset_st": 36000,
    "aliases": [],
    "countries": []
  },
  {
    "canonical": "Etc/GMT-11",
    "offset_st": 39600,
    "aliases": [],
    "countries": []
  },
  {
    "canonical": "Etc/GMT-12",
    "offset_st": 43200,
    "aliases": [],
    "countries": []
  },
  {
    "canonical": "Etc/GMT-13",
    "offset_st": 46800,
    "aliases": [],
    "countries": []
  },
  {
    "canonical": "Etc/GMT-14",
    "offset_st": 50400,
    "aliases": [],
    "countries": []
  },
  {
    "canonical": "Etc/GMT-2",
    "offset_st": 7200,
    "aliases": [],
    "countries": []
  },
  {
    "canonical": "Etc/GMT-3",
    "offset_st": 10800,
    "aliases": [],
    "countries": []
  },
  {
    "canonical": "Etc/GMT-4",
    "offset_st": 14400,
    "aliases": [],
    "countries": []
  },
  {
    "canonical": "Etc/GMT-5",
    "offset_st": 18000,
    "aliases": [],
    "countries": []
  },
  {
    "canonical": "Etc/GMT-6",
    "offset_st": 21600,
    "aliases": [],
    "countries": []
  },
  {
    "canonical": "Etc/GMT-7",
    "offset_st": 25200,
    "aliases": [],
    "countries": []
  },
  {
    "canonical": "Etc/GMT-8",
    "offset_st": 28800,
    "aliases": [],
    "countries": []
  },
  {
    "canonical": "Etc/GMT-9",
    "offset_st": 32400,
    "aliases": [],
    "countries": []
  },
  {
    "canonical": "Etc/UTC",
    "offset_st": 0,
    "aliases": [
      "Etc/UCT",
      "Etc/Universal",
      "Etc/Zulu",
      "UCT",
      "UTC",
      "Universal",
      "Zulu"
    ],
    "countries": []
  },
  {
    "canonical": "Europe/Amsterdam",
    "offset_st": 3600,
    "aliases": [],
    "countries": [
      {
        "code": "NL",
        "name": "Netherlands"
      }
    ]
  },
  {
    "canonical": "Europe/Andorra",
    "offset_st": 3600,
    "aliases": [],
    "countries": [
      {
        "code": "AD",
        "name": "Andorra"
      }
    ]
  },
  {
    "canonical": "Europe/Astrakhan",
    "offset_st": 14400,
    "aliases": [],
    "countries": [
      {
        "code": "RU",
        "name": "Russia"
      }
    ]
  },
  {
    "canonical": "Europe/Athens",
    "offset_st": 7200,
    "aliases": [],
    "countries": [
      {
        "code": "GR",
        "name": "Greece"
      }
    ]
  },
  {
    "canonical": "Europe/Belgrade",
    "offset_st": 3600,
    "aliases": [
      "Europe/Ljubljana",
      "Europe/Podgorica",
      "Europe/Sarajevo",
      "Europe/Skopje",
      "Europe/Zagreb"
    ],
    "countries": [
      {
        "code": "RS",
        "name": "Serbia"
      },
      {
        "code": "BA",
        "name": "Bosnia & Herzegovina"
      },
      {
        "code": "HR",
        "name": "Croatia"
      },
      {
        "code": "ME",
        "name": "Montenegro"
      },
      {
        "code": "MK",
        "name": "North Macedonia"
      },
      {
        "code": "SI",
        "name": "Slovenia"
      }
    ]
  },
  {
    "canonical": "Europe/Berlin",
    "offset_st": 3600,
    "aliases": [],
    "countries": [
      {
        "code": "DE",
        "name": "Germany"
      }
    ]
  },
  {
    "canonical": "Europe/Brussels",
    "offset_st": 3600,
    "aliases": [],
    "countries": [
      {
        "code": "BE",
        "name": "Belgium"
      }
    ]
  },
  {
    "canonical": "Europe/Bucharest",
    "offset_st": 7200,
    "aliases": [],
    "countries": [
      {
        "code": "RO",
        "name": "Romania"
      }
    ]
  },
  {
    "canonical": "Europe/Budapest",
    "offset_st": 3600,
    "aliases": [],
    "countries": [
      {
        "code": "HU",
        "name": "Hungary"
      }
    ]
  },
  {
    "canonical": "Europe/Chisinau",
    "offset_st": 7200,
    "aliases": [
      "Europe/Tiraspol"
    ],
    "countries": [
      {
        "code": "MD",
        "name": "Moldova"
      }
    ]
  },
  {
    "canonical": "Europe/Copenhagen",
    "offset_st": 3600,
    "aliases": [],
    "countries": [
      {
        "code": "DK",
        "name": "Denmark"
      }
    ]
  },
  {
    "canonical": "Europe/Dublin",
    "offset_st": 3600,
    "aliases": [
      "Eire"
    ],
    "countries": [
      {
        "code": "IE",
        "name": "Ireland"
      }
    ]
  },
  {
    "canonical": "Europe/Gibraltar",
    "offset_st": 3600,
    "aliases": [],
    "countries": [
      {
        "code": "GI",
        "name": "Gibraltar"
      }
    ]
  },
  {
    "canonical": "Europe/Helsinki",
    "offset_st": 7200,
    "aliases": [
      "Europe/Mariehamn"
    ],
    "countries": [
      {
        "code": "FI",
        "name": "Finland"
      },
      {
        "code": "AX",
        "name": "Åland Islands"
      }
    ]
  },
  {
    "canonical": "Europe/Istanbul",
    "offset_st": 10800,
    "aliases": [
      "Asia/Istanbul",
      "Turkey"
    ],
    "countries": [
      {
        "code": "TR",
        "name": "Turkey"
      }
    ]
  },
  {
    "canonical": "Europe/Kaliningrad",
    "offset_st": 7200,
    "aliases": [],
    "countries": [
      {
        "code": "RU",
        "name": "Russia"
      }
    ]
  },
  {
    "canonical": "Europe/Kiev",
    "offset_st": 7200,
    "aliases": [],
    "countries": [
      {
        "code": "UA",
        "name": "Ukraine"
      }
    ]
  },
  {
    "canonical": "Europe/Kirov",
    "offset_st": 10800,
    "aliases": [],
    "countries": [
      {
        "code": "RU",
        "name": "Russia"
      }
    ]
  },
  {
    "canonical": "Europe/Lisbon",
    "offset_st": 0,
    "aliases": [
      "Portugal"
    ],
    "countries": [
      {
        "code": "PT",
        "name": "Portugal"
      }
    ]
  },
  {
    "canonical": "Europe/London",
    "offset_st": 0,
    "aliases": [
      "Europe/Belfast",
      "Europe/Guernsey",
      "Europe/Isle_of_Man",
      "Europe/Jersey",
      "GB",
      "GB-Eire"
    ],
    "countries": [
      {
        "code": "GB",
        "name": "Britain (UK)"
      },
      {
        "code": "GG",
        "name": "Guernsey"
      },
      {
        "code": "IM",
        "name": "Isle of Man"
      },
      {
        "code": "JE",
        "name": "Jersey"
      }
    ]
  },
  {
    "canonical": "Europe/Luxembourg",
    "offset_st": 3600,
    "aliases": [],
    "countries": [
      {
        "code": "LU",
        "name": "Luxembourg"
      }
    ]
  },
  {
    "canonical": "Europe/Madrid",
    "offset_st": 3600,
    "aliases": [],
    "countries": [
      {
        "code": "ES",
        "name": "Spain"
      }
    ]
  },
  {
    "canonical": "Europe/Malta",
    "offset_st": 3600,
    "aliases": [],
    "countries": [
      {
        "code": "MT",
        "name": "Malta"
      }
    ]
  },
  {
    "canonical": "Europe/Minsk",
    "offset_st": 10800,
    "aliases": [],
    "countries": [
      {
        "code": "BY",
        "name": "Belarus"
      }
    ]
  },
  {
    "canonical": "Europe/Monaco",
    "offset_st": 3600,
    "aliases": [],
    "countries": [
      {
        "code": "MC",
        "name": "Monaco"
      }
    ]
  },
  {
    "canonical": "Europe/Moscow",
    "offset_st": 10800,
    "aliases": [
      "W-SU"
    ],
    "countries": [
      {
        "code": "RU",
        "name": "Russia"
      }
    ]
  },
  {
    "canonical": "Europe/Oslo",
    "offset_st": 3600,
    "aliases": [
      "Arctic/Longyearbyen",
      "Atlantic/Jan_Mayen"
    ],
    "countries": [
      {
        "code": "NO",
        "name": "Norway"
      },
      {
        "code": "SJ",
        "name": "Svalbard & Jan Mayen"
      }
    ]
  },
  {
    "canonical": "Europe/Paris",
    "offset_st": 3600,
    "aliases": [],
    "countries": [
      {
        "code": "FR",
        "name": "France"
      }
    ]
  },
  {
    "canonical": "Europe/Prague",
    "offset_st": 3600,
    "aliases": [
      "Europe/Bratislava"
    ],
    "countries": [
      {
        "code": "CZ",
        "name": "Czech Republic"
      },
      {
        "code": "SK",
        "name": "Slovakia"
      }
    ]
  },
  {
    "canonical": "Europe/Riga",
    "offset_st": 7200,
    "aliases": [],
    "countries": [
      {
        "code": "LV",
        "name": "Latvia"
      }
    ]
  },
  {
    "canonical": "Europe/Rome",
    "offset_st": 3600,
    "aliases": [
      "Europe/San_Marino",
      "Europe/Vatican"
    ],
    "countries": [
      {
        "code": "IT",
        "name": "Italy"
      },
      {
        "code": "SM",
        "name": "San Marino"
      },
      {
        "code": "VA",
        "name": "Vatican City"
      }
    ]
  },
  {
    "canonical": "Europe/Samara",
    "offset_st": 14400,
    "aliases": [],
    "countries": [
      {
        "code": "RU",
        "name": "Russia"
      }
    ]
  },
  {
    "canonical": "Europe/Saratov",
    "offset_st": 14400,
    "aliases": [],
    "countries": [
      {
        "code": "RU",
        "name": "Russia"
      }
    ]
  },
  {
    "canonical": "Europe/Simferopol",
    "offset_st": 10800,
    "aliases": [],
    "countries": [
      {
        "code": "RU",
        "name": "Russia"
      },
      {
        "code": "UA",
        "name": "Ukraine"
      }
    ]
  },
  {
    "canonical": "Europe/Sofia",
    "offset_st": 7200,
    "aliases": [],
    "countries": [
      {
        "code": "BG",
        "name": "Bulgaria"
      }
    ]
  },
  {
    "canonical": "Europe/Stockholm",
    "offset_st": 3600,
    "aliases": [],
    "countries": [
      {
        "code": "SE",
        "name": "Sweden"
      }
    ]
  },
  {
    "canonical": "Europe/Tallinn",
    "offset_st": 7200,
    "aliases": [],
    "countries": [
      {
        "code": "EE",
        "name": "Estonia"
      }
    ]
  },
  {
    "canonical": "Europe/Tirane",
    "offset_st": 3600,
    "aliases": [],
    "countries": [
      {
        "code": "AL",
        "name": "Albania"
      }
    ]
  },
  {
    "canonical": "Europe/Ulyanovsk",
    "offset_st": 14400,
    "aliases": [],
    "countries": [
      {
        "code": "RU",
        "name": "Russia"
      }
    ]
  },
  {
    "canonical": "Europe/Uzhgorod",
    "offset_st": 7200,
    "aliases": [],
    "countries": [
      {
        "code": "UA",
        "name": "Ukraine"
      }
    ]
  },
  {
    "canonical": "Europe/Vienna",
    "offset_st": 3600,
    "aliases": [],
    "countries": [
      {
        "code": "AT",
        "name": "Austria"
      }
    ]
  },
  {
    "canonical": "Europe/Vilnius",
    "offset_st": 7200,
    "aliases": [],
    "countries": [
      {
        "code": "LT",
        "name": "Lithuania"
      }
    ]
  },
  {
    "canonical": "Europe/Volgograd",
    "offset_st": 14400,
    "aliases": [],
    "countries": [
      {
        "code": "RU",
        "name": "Russia"
      }
    ]
  },
  {
    "canonical": "Europe/Warsaw",
    "offset_st": 3600,
    "aliases": [
      "Poland"
    ],
    "countries": [
      {
        "code": "PL",
        "name": "Poland"
      }
    ]
  },
  {
    "canonical": "Europe/Zaporozhye",
    "offset_st": 7200,
    "aliases": [],
    "countries": [
      {
        "code": "UA",
        "name": "Ukraine"
      }
    ]
  },
  {
    "canonical": "Europe/Zurich",
    "offset_st": 3600,
    "aliases": [
      "Europe/Busingen",
      "Europe/Vaduz"
    ],
    "countries": [
      {
        "code": "CH",
        "name": "Switzerland"
      },
      {
        "code": "DE",
        "name": "Germany"
      },
      {
        "code": "LI",
        "name": "Liechtenstein"
      }
    ]
  },
  {
    "canonical": "HST",
    "offset_st": -36000,
    "aliases": [],
    "countries": []
  },
  {
    "canonical": "Indian/Chagos",
    "offset_st": 21600,
    "aliases": [],
    "countries": [
      {
        "code": "IO",
        "name": "British Indian Ocean Territory"
      }
    ]
  },
  {
    "canonical": "Indian/Christmas",
    "offset_st": 25200,
    "aliases": [],
    "countries": [
      {
        "code": "CX",
        "name": "Christmas Island"
      }
    ]
  },
  {
    "canonical": "Indian/Cocos",
    "offset_st": 23400,
    "aliases": [],
    "countries": [
      {
        "code": "CC",
        "name": "Cocos (Keeling) Islands"
      }
    ]
  },
  {
    "canonical": "Indian/Kerguelen",
    "offset_st": 18000,
    "aliases": [],
    "countries": [
      {
        "code": "TF",
        "name": "French Southern & Antarctic Lands"
      }
    ]
  },
  {
    "canonical": "Indian/Mahe",
    "offset_st": 14400,
    "aliases": [],
    "countries": [
      {
        "code": "SC",
        "name": "Seychelles"
      }
    ]
  },
  {
    "canonical": "Indian/Maldives",
    "offset_st": 18000,
    "aliases": [],
    "countries": [
      {
        "code": "MV",
        "name": "Maldives"
      }
    ]
  },
  {
    "canonical": "Indian/Mauritius",
    "offset_st": 14400,
    "aliases": [],
    "countries": [
      {
        "code": "MU",
        "name": "Mauritius"
      }
    ]
  },
  {
    "canonical": "Indian/Reunion",
    "offset_st": 14400,
    "aliases": [],
    "countries": [
      {
        "code": "RE",
        "name": "Réunion"
      },
      {
        "code": "TF",
        "name": "French Southern & Antarctic Lands"
      }
    ]
  },
  {
    "canonical": "MET",
    "offset_st": 3600,
    "aliases": [],
    "countries": []
  },
  {
    "canonical": "MST",
    "offset_st": -25200,
    "aliases": [],
    "countries": []
  },
  {
    "canonical": "MST7MDT",
    "offset_st": -25200,
    "aliases": [],
    "countries": []
  },
  {
    "canonical": "PST8PDT",
    "offset_st": -28800,
    "aliases": [],
    "countries": []
  },
  {
    "canonical": "Pacific/Apia",
    "offset_st": 46800,
    "aliases": [],
    "countries": [
      {
        "code": "WS",
        "name": "Samoa (western)"
      }
    ]
  },
  {
    "canonical": "Pacific/Auckland",
    "offset_st": 43200,
    "aliases": [
      "Antarctica/McMurdo",
      "Antarctica/South_Pole",
      "NZ"
    ],
    "countries": [
      {
        "code": "NZ",
        "name": "New Zealand"
      },
      {
        "code": "AQ",
        "name": "Antarctica"
      }
    ]
  },
  {
    "canonical": "Pacific/Bougainville",
    "offset_st": 39600,
    "aliases": [],
    "countries": [
      {
        "code": "PG",
        "name": "Papua New Guinea"
      }
    ]
  },
  {
    "canonical": "Pacific/Chatham",
    "offset_st": 45900,
    "aliases": [
      "NZ-CHAT"
    ],
    "countries": [
      {
        "code": "NZ",
        "name": "New Zealand"
      }
    ]
  },
  {
    "canonical": "Pacific/Chuuk",
    "offset_st": 36000,
    "aliases": [
      "Pacific/Truk",
      "Pacific/Yap"
    ],
    "countries": [
      {
        "code": "FM",
        "name": "Micronesia"
      }
    ]
  },
  {
    "canonical": "Pacific/Easter",
    "offset_st": -21600,
    "aliases": [
      "Chile/EasterIsland"
    ],
    "countries": [
      {
        "code": "CL",
        "name": "Chile"
      }
    ]
  },
  {
    "canonical": "Pacific/Efate",
    "offset_st": 39600,
    "aliases": [],
    "countries": [
      {
        "code": "VU",
        "name": "Vanuatu"
      }
    ]
  },
  {
    "canonical": "Pacific/Enderbury",
    "offset_st": 46800,
    "aliases": [],
    "countries": [
      {
        "code": "KI",
        "name": "Kiribati"
      }
    ]
  },
  {
    "canonical": "Pacific/Fakaofo",
    "offset_st": 46800,
    "aliases": [],
    "countries": [
      {
        "code": "TK",
        "name": "Tokelau"
      }
    ]
  },
  {
    "canonical": "Pacific/Fiji",
    "offset_st": 43200,
    "aliases": [],
    "countries": [
      {
        "code": "FJ",
        "name": "Fiji"
      }
    ]
  },
  {
    "canonical": "Pacific/Funafuti",
    "offset_st": 43200,
    "aliases": [],
    "countries": [
      {
        "code": "TV",
        "name": "Tuvalu"
      }
    ]
  },
  {
    "canonical": "Pacific/Galapagos",
    "offset_st": -21600,
    "aliases": [],
    "countries": [
      {
        "code": "EC",
        "name": "Ecuador"
      }
    ]
  },
  {
    "canonical": "Pacific/Gambier",
    "offset_st": -32400,
    "aliases": [],
    "countries": [
      {
        "code": "PF",
        "name": "French Polynesia"
      }
    ]
  },
  {
    "canonical": "Pacific/Guadalcanal",
    "offset_st": 39600,
    "aliases": [],
    "countries": [
      {
        "code": "SB",
        "name": "Solomon Islands"
      }
    ]
  },
  {
    "canonical": "Pacific/Guam",
    "offset_st": 36000,
    "aliases": [
      "Pacific/Saipan"
    ],
    "countries": [
      {
        "code": "GU",
        "name": "Guam"
      },
      {
        "code": "MP",
        "name": "Northern Mariana Islands"
      }
    ]
  },
  {
    "canonical": "Pacific/Honolulu",
    "offset_st": -36000,
    "aliases": [
      "Pacific/Johnston",
      "US/Hawaii"
    ],
    "countries": [
      {
        "code": "US",
        "name": "United States"
      },
      {
        "code": "UM",
        "name": "US minor outlying islands"
      }
    ]
  },
  {
    "canonical": "Pacific/Kiritimati",
    "offset_st": 50400,
    "aliases": [],
    "countries": [
      {
        "code": "KI",
        "name": "Kiribati"
      }
    ]
  },
  {
    "canonical": "Pacific/Kosrae",
    "offset_st": 39600,
    "aliases": [],
    "countries": [
      {
        "code": "FM",
        "name": "Micronesia"
      }
    ]
  },
  {
    "canonical": "Pacific/Kwajalein",
    "offset_st": 43200,
    "aliases": [
      "Kwajalein"
    ],
    "countries": [
      {
        "code": "MH",
        "name": "Marshall Islands"
      }
    ]
  },
  {
    "canonical": "Pacific/Majuro",
    "offset_st": 43200,
    "aliases": [],
    "countries": [
      {
        "code": "MH",
        "name": "Marshall Islands"
      }
    ]
  },
  {
    "canonical": "Pacific/Marquesas",
    "offset_st": -34200,
    "aliases": [],
    "countries": [
      {
        "code": "PF",
        "name": "French Polynesia"
      }
    ]
  },
  {
    "canonical": "Pacific/Nauru",
    "offset_st": 43200,
    "aliases": [],
    "countries": [
      {
        "code": "NR",
        "name": "Nauru"
      }
    ]
  },
  {
    "canonical": "Pacific/Niue",
    "offset_st": -39600,
    "aliases": [],
    "countries": [
      {
        "code": "NU",
        "name": "Niue"
      }
    ]
  },
  {
    "canonical": "Pacific/Norfolk",
    "offset_st": 39600,
    "aliases": [],
    "countries": [
      {
        "code": "NF",
        "name": "Norfolk Island"
      }
    ]
  },
  {
    "canonical": "Pacific/Noumea",
    "offset_st": 39600,
    "aliases": [],
    "countries": [
      {
        "code": "NC",
        "name": "New Caledonia"
      }
    ]
  },
  {
    "canonical": "Pacific/Pago_Pago",
    "offset_st": -39600,
    "aliases": [
      "Pacific/Midway",
      "Pacific/Samoa",
      "US/Samoa"
    ],
    "countries": [
      {
        "code": "AS",
        "name": "Samoa (American)"
      },
      {
        "code": "UM",
        "name": "US minor outlying islands"
      }
    ]
  },
  {
    "canonical": "Pacific/Palau",
    "offset_st": 32400,
    "aliases": [],
    "countries": [
      {
        "code": "PW",
        "name": "Palau"
      }
    ]
  },
  {
    "canonical": "Pacific/Pitcairn",
    "offset_st": -28800,
    "aliases": [],
    "countries": [
      {
        "code": "PN",
        "name": "Pitcairn"
      }
    ]
  },
  {
    "canonical": "Pacific/Pohnpei",
    "offset_st": 39600,
    "aliases": [
      "Pacific/Ponape"
    ],
    "countries": [
      {
        "code": "FM",
        "name": "Micronesia"
      }
    ]
  },
  {
    "canonical": "Pacific/Port_Moresby",
    "offset_st": 36000,
    "aliases": [],
    "countries": [
      {
        "code": "PG",
        "name": "Papua New Guinea"
      }
    ]
  },
  {
    "canonical": "Pacific/Rarotonga",
    "offset_st": -36000,
    "aliases": [],
    "countries": [
      {
        "code": "CK",
        "name": "Cook Islands"
      }
    ]
  },
  {
    "canonical": "Pacific/Tahiti",
    "offset_st": -36000,
    "aliases": [],
    "countries": [
      {
        "code": "PF",
        "name": "French Polynesia"
      }
    ]
  },
  {
    "canonical": "Pacific/Tarawa",
    "offset_st": 43200,
    "aliases": [],
    "countries": [
      {
        "code": "KI",
        "name": "Kiribati"
      }
    ]
  },
  {
    "canonical": "Pacific/Tongatapu",
    "offset_st": 46800,
    "aliases": [],
    "countries": [
      {
        "code": "TO",
        "name": "Tonga"
      }
    ]
  },
  {
    "canonical": "Pacific/Wake",
    "offset_st": 43200,
    "aliases": [],
    "countries": [
      {
        "code": "UM",
        "name": "US minor outlying islands"
      }
    ]
  },
  {
    "canonical": "Pacific/Wallis",
    "offset_st": 43200,
    "aliases": [],
    "countries": [
      {
        "code": "WF",
        "name": "Wallis & Futuna"
      }
    ]
  },
  {
    "canonical": "WET",
    "offset_st": 0,
    "aliases": [],
    "countries": []
  }
]
